timeStamp,elapsed,label,responseCode,responseMessage,threadName,dataType,success,failureMessage,bytes,sentBytes,grpThreads,allThreads,URL,Latency,IdleTime,Connect
1727965464567,980,Book-Api,200,OK,Thread Group 1-2,text,true,,3436,134,4,4,https://demoqa.com/BookStore/v1/Books%20,971,0,767
1727965464928,619,Book-Api,200,OK,Thread Group 1-3,text,true,,3436,134,4,4,https://demoqa.com/BookStore/v1/Books%20,610,0,406
1727965464394,1153,Book-Api,200,OK,Thread Group 1-1,text,true,,3436,134,4,4,https://demoqa.com/BookStore/v1/Books%20,1145,0,940
1727965465281,538,Book-Api,200,OK,Thread Group 1-4,text,true,,3436,134,2,2,https://demoqa.com/BookStore/v1/Books%20,538,0,363
1727965465655,574,Book-Api,200,OK,Thread Group 1-5,text,true,,3436,134,2,2,https://demoqa.com/BookStore/v1/Books%20,573,0,385
1727965465999,557,Book-Api,200,OK,Thread Group 1-6,text,true,,3436,134,2,2,https://demoqa.com/BookStore/v1/Books%20,557,0,376
1727965466357,513,Book-Api,200,OK,Thread Group 1-7,text,true,,3436,134,2,2,https://demoqa.com/BookStore/v1/Books%20,513,0,340
1727965466715,719,Book-Api,200,OK,Thread Group 1-8,text,true,,3436,134,3,3,https://demoqa.com/BookStore/v1/Books%20,719,0,372
1727965467076,553,Book-Api,200,OK,Thread Group 1-9,text,true,,3436,134,2,2,https://demoqa.com/BookStore/v1/Books%20,553,0,370
1727965467791,610,Book-Api,200,OK,Thread Group 1-11,text,true,,3436,134,3,3,https://demoqa.com/BookStore/v1/Books%20,610,0,414
1727965468151,593,Book-Api,200,OK,Thread Group 1-12,text,true,,3436,134,3,3,https://demoqa.com/BookStore/v1/Books%20,593,0,401
1727965467431,1529,Book-Api,200,OK,Thread Group 1-10,text,true,,3436,134,3,3,https://demoqa.com/BookStore/v1/Books%20,1529,0,1359
1727965468507,566,Book-Api,200,OK,Thread Group 1-13,text,true,,3436,134,2,2,https://demoqa.com/BookStore/v1/Books%20,566,0,382
1727965468870,536,Book-Api,200,OK,Thread Group 1-14,text,true,,3436,134,2,2,https://demoqa.com/BookStore/v1/Books%20,536,0,358
1727965469226,517,Book-Api,200,OK,Thread Group 1-15,text,true,,3436,134,2,2,https://demoqa.com/BookStore/v1/Books%20,517,0,347
1727965469585,588,Book-Api,200,OK,Thread Group 1-16,text,true,,3436,134,2,2,https://demoqa.com/BookStore/v1/Books%20,587,0,390
1727965469950,578,Book-Api,200,OK,Thread Group 1-17,text,true,,3436,134,2,2,https://demoqa.com/BookStore/v1/Books%20,578,0,387
1727965470302,537,Book-Api,200,OK,Thread Group 1-18,text,true,,3436,134,2,2,https://demoqa.com/BookStore/v1/Books%20,537,0,369
1727965470664,579,Book-Api,200,OK,Thread Group 1-19,text,true,,3436,134,2,2,https://demoqa.com/BookStore/v1/Books%20,579,0,387
1727965471022,575,Book-Api,200,OK,Thread Group 1-20,text,true,,3436,134,2,2,https://demoqa.com/BookStore/v1/Books%20,575,0,384
1727965471383,581,Book-Api,200,OK,Thread Group 1-21,text,true,,3436,134,2,2,https://demoqa.com/BookStore/v1/Books%20,581,0,393
1727965471743,527,Book-Api,200,OK,Thread Group 1-22,text,true,,3436,134,2,2,https://demoqa.com/BookStore/v1/Books%20,527,0,354
1727965472098,565,Book-Api,200,OK,Thread Group 1-23,text,true,,3436,134,2,2,https://demoqa.com/BookStore/v1/Books%20,565,0,381
1727965472458,526,Book-Api,200,OK,Thread Group 1-24,text,true,,3436,134,2,2,https://demoqa.com/BookStore/v1/Books%20,526,0,353
1727965472820,565,Book-Api,200,OK,Thread Group 1-25,text,true,,3436,134,2,2,https://demoqa.com/BookStore/v1/Books%20,565,0,381
1727965473176,578,Book-Api,200,OK,Thread Group 1-26,text,true,,3436,134,2,2,https://demoqa.com/BookStore/v1/Books%20,578,0,392
1727965473534,603,Book-Api,200,OK,Thread Group 1-27,text,true,,3436,134,2,2,https://demoqa.com/BookStore/v1/Books%20,603,0,402
1727965473895,525,Book-Api,200,OK,Thread Group 1-28,text,true,,3436,134,2,2,https://demoqa.com/BookStore/v1/Books%20,525,0,354
1727965474255,580,Book-Api,200,OK,Thread Group 1-29,text,true,,3436,134,2,2,https://demoqa.com/BookStore/v1/Books%20,580,0,384
1727965474614,897,Book-Api,200,OK,Thread Group 1-30,text,true,,3436,134,3,3,https://demoqa.com/BookStore/v1/Books%20,897,0,347
1727965474973,569,Book-Api,200,OK,Thread Group 1-31,text,true,,3436,134,2,2,https://demoqa.com/BookStore/v1/Books%20,569,0,383
1727965475332,512,Book-Api,200,OK,Thread Group 1-32,text,true,,3436,134,2,2,https://demoqa.com/BookStore/v1/Books%20,511,0,345
1727965475692,525,Book-Api,200,OK,Thread Group 1-33,text,true,,3436,134,2,2,https://demoqa.com/BookStore/v1/Books%20,525,0,355
1727965476052,576,Book-Api,200,OK,Thread Group 1-34,text,true,,3436,134,2,2,https://demoqa.com/BookStore/v1/Books%20,575,0,388
1727965476410,585,Book-Api,200,OK,Thread Group 1-35,text,true,,3436,134,2,2,https://demoqa.com/BookStore/v1/Books%20,585,0,393
1727965476767,527,Book-Api,200,OK,Thread Group 1-36,text,true,,3436,134,2,2,https://demoqa.com/BookStore/v1/Books%20,527,0,357
1727965477128,574,Book-Api,200,OK,Thread Group 1-37,text,true,,3436,134,2,2,https://demoqa.com/BookStore/v1/Books%20,574,0,386
1727965477486,548,Book-Api,200,OK,Thread Group 1-38,text,true,,3436,134,2,2,https://demoqa.com/BookStore/v1/Books%20,548,0,369
1727965477846,597,Book-Api,200,OK,Thread Group 1-39,text,true,,3436,134,2,2,https://demoqa.com/BookStore/v1/Books%20,597,0,402
1727965478210,513,Book-Api,200,OK,Thread Group 1-40,text,true,,3436,134,2,2,https://demoqa.com/BookStore/v1/Books%20,513,0,347
1727965478562,500,Book-Api,200,OK,Thread Group 1-41,text,true,,3436,134,2,2,https://demoqa.com/BookStore/v1/Books%20,500,0,335
1727965478920,529,Book-Api,200,OK,Thread Group 1-42,text,true,,3436,134,2,2,https://demoqa.com/BookStore/v1/Books%20,529,0,355
1727965479280,565,Book-Api,200,OK,Thread Group 1-43,text,true,,3436,134,2,2,https://demoqa.com/BookStore/v1/Books%20,565,0,377
1727965479637,566,Book-Api,200,OK,Thread Group 1-44,text,true,,3436,134,2,2,https://demoqa.com/BookStore/v1/Books%20,566,0,381
1727965479996,599,Book-Api,200,OK,Thread Group 1-45,text,true,,3436,134,2,2,https://demoqa.com/BookStore/v1/Books%20,599,0,403
1727965480355,587,Book-Api,200,OK,Thread Group 1-46,text,true,,3436,134,2,2,https://demoqa.com/BookStore/v1/Books%20,587,0,389
1727965480716,525,Book-Api,200,OK,Thread Group 1-47,text,true,,3436,134,2,2,https://demoqa.com/BookStore/v1/Books%20,525,0,355
1727965481082,555,Book-Api,200,OK,Thread Group 1-48,text,true,,3436,134,2,2,https://demoqa.com/BookStore/v1/Books%20,555,0,372
1727965481434,572,Book-Api,200,OK,Thread Group 1-49,text,true,,3436,134,2,2,https://demoqa.com/BookStore/v1/Books%20,572,0,387
1727965481792,607,Book-Api,200,OK,Thread Group 1-50,text,true,,3436,134,2,2,https://demoqa.com/BookStore/v1/Books%20,607,0,410
1727965482150,593,Book-Api,200,OK,Thread Group 1-51,text,true,,3436,134,2,2,https://demoqa.com/BookStore/v1/Books%20,593,0,397
1727965482510,580,Book-Api,200,OK,Thread Group 1-52,text,true,,3436,134,2,2,https://demoqa.com/BookStore/v1/Books%20,580,0,387
1727965482868,524,Book-Api,200,OK,Thread Group 1-53,text,true,,3436,134,2,2,https://demoqa.com/BookStore/v1/Books%20,524,0,353
1727965483228,570,Book-Api,200,OK,Thread Group 1-54,text,true,,3436,134,2,2,https://demoqa.com/BookStore/v1/Books%20,570,0,385
1727965483588,539,Book-Api,200,OK,Thread Group 1-55,text,true,,3436,134,2,2,https://demoqa.com/BookStore/v1/Books%20,539,0,364
1727965483947,572,Book-Api,200,OK,Thread Group 1-56,text,true,,3436,134,2,2,https://demoqa.com/BookStore/v1/Books%20,572,0,386
1727965484311,585,Book-Api,200,OK,Thread Group 1-57,text,true,,3436,134,2,2,https://demoqa.com/BookStore/v1/Books%20,585,0,392
1727965485024,511,Book-Api,200,OK,Thread Group 1-59,text,true,,3436,134,3,3,https://demoqa.com/BookStore/v1/Books%20,511,0,345
1727965484664,1114,Book-Api,200,OK,Thread Group 1-58,text,true,,3436,134,3,3,https://demoqa.com/BookStore/v1/Books%20,1114,0,333
1727965485742,596,Book-Api,200,OK,Thread Group 1-61,text,true,,3436,134,3,3,https://demoqa.com/BookStore/v1/Books%20,596,0,405
1727965485384,1242,Book-Api,200,OK,Thread Group 1-60,text,true,,3436,134,3,3,https://demoqa.com/BookStore/v1/Books%20,1242,0,371
1727965486102,530,Book-Api,200,OK,Thread Group 1-62,text,true,,3436,134,2,2,https://demoqa.com/BookStore/v1/Books%20,530,0,353
1727965486459,574,Book-Api,200,OK,Thread Group 1-63,text,true,,3436,134,2,2,https://demoqa.com/BookStore/v1/Books%20,574,0,383
1727965486818,574,Book-Api,200,OK,Thread Group 1-64,text,true,,3436,134,2,2,https://demoqa.com/BookStore/v1/Books%20,574,0,381
1727965487175,501,Book-Api,200,OK,Thread Group 1-65,text,true,,3436,134,2,2,https://demoqa.com/BookStore/v1/Books%20,501,0,336
1727965487536,529,Book-Api,200,OK,Thread Group 1-66,text,true,,3436,134,2,2,https://demoqa.com/BookStore/v1/Books%20,529,0,351
1727965487899,553,Book-Api,200,OK,Thread Group 1-67,text,true,,3436,134,2,2,https://demoqa.com/BookStore/v1/Books%20,553,0,372
1727965488251,515,Book-Api,200,OK,Thread Group 1-68,text,true,,3436,134,2,2,https://demoqa.com/BookStore/v1/Books%20,515,0,343
1727965488612,594,Book-Api,200,OK,Thread Group 1-69,text,true,,3436,134,2,2,https://demoqa.com/BookStore/v1/Books%20,594,0,399
1727965488971,583,Book-Api,200,OK,Thread Group 1-70,text,true,,3436,134,2,2,https://demoqa.com/BookStore/v1/Books%20,583,0,391
1727965489331,581,Book-Api,200,OK,Thread Group 1-71,text,true,,3436,134,2,2,https://demoqa.com/BookStore/v1/Books%20,581,0,389
1727965489688,499,Book-Api,200,OK,Thread Group 1-72,text,true,,3436,134,2,2,https://demoqa.com/BookStore/v1/Books%20,499,0,337
1727965490048,588,Book-Api,200,OK,Thread Group 1-73,text,true,,3436,134,2,2,https://demoqa.com/BookStore/v1/Books%20,588,0,395
1727965490405,573,Book-Api,200,OK,Thread Group 1-74,text,true,,3436,134,2,2,https://demoqa.com/BookStore/v1/Books%20,573,0,387
1727965490765,503,Book-Api,200,OK,Thread Group 1-75,text,true,,3436,134,2,2,https://demoqa.com/BookStore/v1/Books%20,503,0,338
1727965491125,555,Book-Api,200,OK,Thread Group 1-76,text,true,,3436,134,2,2,https://demoqa.com/BookStore/v1/Books%20,555,0,371
1727965491484,559,Book-Api,200,OK,Thread Group 1-77,text,true,,3436,134,2,2,https://demoqa.com/BookStore/v1/Books%20,559,0,374
1727965491843,580,Book-Api,200,OK,Thread Group 1-78,text,true,,3436,134,2,2,https://demoqa.com/BookStore/v1/Books%20,580,0,391
1727965492203,532,Book-Api,200,OK,Thread Group 1-79,text,true,,3436,134,2,2,https://demoqa.com/BookStore/v1/Books%20,532,0,358
1727965492561,594,Book-Api,200,OK,Thread Group 1-80,text,true,,3436,134,2,2,https://demoqa.com/BookStore/v1/Books%20,594,0,399
1727965492921,589,Book-Api,200,OK,Thread Group 1-81,text,true,,3436,134,2,2,https://demoqa.com/BookStore/v1/Books%20,589,0,393
1727965493655,570,Book-Api,200,OK,Thread Group 1-83,text,true,,3436,134,3,3,https://demoqa.com/BookStore/v1/Books%20,570,0,386
1727965494015,530,Book-Api,200,OK,Thread Group 1-84,text,true,,3436,134,3,3,https://demoqa.com/BookStore/v1/Books%20,529,0,353
1727965493286,1577,Book-Api,200,OK,Thread Group 1-82,text,true,,3436,134,3,3,https://demoqa.com/BookStore/v1/Books%20,1577,0,1390
1727965494363,530,Book-Api,200,OK,Thread Group 1-85,text,true,,3436,134,2,2,https://demoqa.com/BookStore/v1/Books%20,530,0,358
1727965494714,543,Book-Api,200,OK,Thread Group 1-86,text,true,,3436,134,2,2,https://demoqa.com/BookStore/v1/Books%20,543,0,366
1727965495075,568,Book-Api,200,OK,Thread Group 1-87,text,true,,3436,134,2,2,https://demoqa.com/BookStore/v1/Books%20,568,0,370
1727965495433,622,Book-Api,200,OK,Thread Group 1-88,text,true,,3436,134,2,2,https://demoqa.com/BookStore/v1/Books%20,622,0,419
1727965495795,589,Book-Api,200,OK,Thread Group 1-89,text,true,,3436,134,2,2,https://demoqa.com/BookStore/v1/Books%20,589,0,394
1727965496151,560,Book-Api,200,OK,Thread Group 1-90,text,true,,3436,134,2,2,https://demoqa.com/BookStore/v1/Books%20,560,0,376
1727965496510,573,Book-Api,200,OK,Thread Group 1-91,text,true,,3436,134,2,2,https://demoqa.com/BookStore/v1/Books%20,573,0,384
1727965496868,599,Book-Api,200,OK,Thread Group 1-92,text,true,,3436,134,2,2,https://demoqa.com/BookStore/v1/Books%20,599,0,400
1727965497227,558,Book-Api,200,OK,Thread Group 1-93,text,true,,3436,134,2,2,https://demoqa.com/BookStore/v1/Books%20,558,0,365
1727965497588,573,Book-Api,200,OK,Thread Group 1-94,text,true,,3436,134,2,2,https://demoqa.com/BookStore/v1/Books%20,573,0,388
1727965497945,512,Book-Api,200,OK,Thread Group 1-95,text,true,,3436,134,2,2,https://demoqa.com/BookStore/v1/Books%20,512,0,343
1727965498305,553,Book-Api,200,OK,Thread Group 1-96,text,true,,3436,134,2,2,https://demoqa.com/BookStore/v1/Books%20,552,0,369
1727965498663,576,Book-Api,200,OK,Thread Group 1-97,text,true,,3436,134,2,2,https://demoqa.com/BookStore/v1/Books%20,576,0,386
1727965499024,508,Book-Api,200,OK,Thread Group 1-98,text,true,,3436,134,2,2,https://demoqa.com/BookStore/v1/Books%20,508,0,334
1727965499381,569,Book-Api,200,OK,Thread Group 1-99,text,true,,3436,134,2,2,https://demoqa.com/BookStore/v1/Books%20,569,0,380
1727965499745,562,Book-Api,200,OK,Thread Group 1-100,text,true,,3436,134,2,2,https://demoqa.com/BookStore/v1/Books%20,562,0,379
1727965500153,555,Book-Api,200,OK,Thread Group 1-101,text,true,,3436,134,2,2,https://demoqa.com/BookStore/v1/Books%20,555,0,375
1727965500512,532,Book-Api,200,OK,Thread Group 1-102,text,true,,3436,134,2,2,https://demoqa.com/BookStore/v1/Books%20,532,0,355
1727965500817,568,Book-Api,200,OK,Thread Group 1-103,text,true,,3436,134,2,2,https://demoqa.com/BookStore/v1/Books%20,567,0,382
1727965501177,533,Book-Api,200,OK,Thread Group 1-104,text,true,,3436,134,2,2,https://demoqa.com/BookStore/v1/Books%20,533,0,359
1727965501536,578,Book-Api,200,OK,Thread Group 1-105,text,true,,3436,134,2,2,https://demoqa.com/BookStore/v1/Books%20,578,0,384
1727965501897,522,Book-Api,200,OK,Thread Group 1-106,text,true,,3436,134,2,2,https://demoqa.com/BookStore/v1/Books%20,522,0,353
1727965502255,547,Book-Api,200,OK,Thread Group 1-107,text,true,,3436,134,2,2,https://demoqa.com/BookStore/v1/Books%20,547,0,364
1727965502614,508,Book-Api,200,OK,Thread Group 1-108,text,true,,3436,134,2,2,https://demoqa.com/BookStore/v1/Books%20,508,0,344
1727965502975,593,Book-Api,200,OK,Thread Group 1-109,text,true,,3436,134,2,2,https://demoqa.com/BookStore/v1/Books%20,593,0,402
1727965503332,607,Book-Api,200,OK,Thread Group 1-110,text,true,,3436,134,2,2,https://demoqa.com/BookStore/v1/Books%20,607,0,405
1727965503700,546,Book-Api,200,OK,Thread Group 1-111,text,true,,3436,134,2,2,https://demoqa.com/BookStore/v1/Books%20,546,0,366
1727965504051,522,Book-Api,200,OK,Thread Group 1-112,text,true,,3436,134,2,2,https://demoqa.com/BookStore/v1/Books%20,522,0,351
1727965504413,582,Book-Api,200,OK,Thread Group 1-113,text,true,,3436,134,2,2,https://demoqa.com/BookStore/v1/Books%20,582,0,393
1727965504770,608,Book-Api,200,OK,Thread Group 1-114,text,true,,3436,134,2,2,https://demoqa.com/BookStore/v1/Books%20,608,0,404
1727965505129,598,Book-Api,200,OK,Thread Group 1-115,text,true,,3436,134,2,2,https://demoqa.com/BookStore/v1/Books%20,598,0,406
1727965505489,537,Book-Api,200,OK,Thread Group 1-116,text,true,,3436,134,2,2,https://demoqa.com/BookStore/v1/Books%20,537,0,363
1727965505848,583,Book-Api,200,OK,Thread Group 1-117,text,true,,3436,134,2,2,https://demoqa.com/BookStore/v1/Books%20,583,0,394
1727965506205,537,Book-Api,200,OK,Thread Group 1-118,text,true,,3436,134,2,2,https://demoqa.com/BookStore/v1/Books%20,537,0,363
1727965506563,568,Book-Api,200,OK,Thread Group 1-119,text,true,,3436,134,2,2,https://demoqa.com/BookStore/v1/Books%20,568,0,378
1727965506922,509,Book-Api,200,OK,Thread Group 1-120,text,true,,3436,134,2,2,https://demoqa.com/BookStore/v1/Books%20,509,0,343
1727965507283,574,Book-Api,200,OK,Thread Group 1-121,text,true,,3436,134,2,2,https://demoqa.com/BookStore/v1/Books%20,574,0,386
1727965507642,508,Book-Api,200,OK,Thread Group 1-122,text,true,,3436,134,2,2,https://demoqa.com/BookStore/v1/Books%20,508,0,344
1727965508000,564,Book-Api,200,OK,Thread Group 1-123,text,true,,3436,134,2,2,https://demoqa.com/BookStore/v1/Books%20,564,0,378
1727965508360,520,Book-Api,200,OK,Thread Group 1-124,text,true,,3436,134,2,2,https://demoqa.com/BookStore/v1/Books%20,520,0,351
1727965508717,562,Book-Api,200,OK,Thread Group 1-125,text,true,,3436,134,2,2,https://demoqa.com/BookStore/v1/Books%20,562,0,373
1727965509085,743,Book-Api,200,OK,Thread Group 1-126,text,true,,3436,134,3,3,https://demoqa.com/BookStore/v1/Books%20,743,0,572
1727965509432,558,Book-Api,200,OK,Thread Group 1-127,text,true,,3436,134,2,2,https://demoqa.com/BookStore/v1/Books%20,558,0,373
1727965509791,600,Book-Api,200,OK,Thread Group 1-128,text,true,,3436,134,2,2,https://demoqa.com/BookStore/v1/Books%20,600,0,398
1727965510152,528,Book-Api,200,OK,Thread Group 1-129,text,true,,3436,134,2,2,https://demoqa.com/BookStore/v1/Books%20,528,0,353
1727965510511,596,Book-Api,200,OK,Thread Group 1-130,text,true,,3436,134,2,2,https://demoqa.com/BookStore/v1/Books%20,596,0,404
1727965510870,544,Book-Api,200,OK,Thread Group 1-131,text,true,,3436,134,2,2,https://demoqa.com/BookStore/v1/Books%20,544,0,369
1727965511229,587,Book-Api,200,OK,Thread Group 1-132,text,true,,3436,134,2,2,https://demoqa.com/BookStore/v1/Books%20,587,0,389
1727965511588,951,Book-Api,200,OK,Thread Group 1-133,text,true,,3436,134,3,3,https://demoqa.com/BookStore/v1/Books%20,951,0,375
1727965511946,632,Book-Api,200,OK,Thread Group 1-134,text,true,,3436,134,2,2,https://demoqa.com/BookStore/v1/Books%20,631,0,421
1727965512307,659,Book-Api,200,OK,Thread Group 1-135,text,true,,3436,134,2,2,https://demoqa.com/BookStore/v1/Books%20,659,0,443
1727965512664,629,Book-Api,200,OK,Thread Group 1-136,text,true,,3436,134,2,2,https://demoqa.com/BookStore/v1/Books%20,629,0,410
1727965513024,678,Book-Api,200,OK,Thread Group 1-137,text,true,,3436,134,2,2,https://demoqa.com/BookStore/v1/Books%20,678,0,340
1727965513384,532,Book-Api,200,OK,Thread Group 1-138,text,true,,3436,134,2,2,https://demoqa.com/BookStore/v1/Books%20,532,0,357
1727965513744,578,Book-Api,200,OK,Thread Group 1-139,text,true,,3436,134,2,2,https://demoqa.com/BookStore/v1/Books%20,578,0,388
1727965514102,587,Book-Api,200,OK,Thread Group 1-140,text,true,,3436,134,2,2,https://demoqa.com/BookStore/v1/Books%20,587,0,392
1727965514460,580,Book-Api,200,OK,Thread Group 1-141,text,true,,3436,134,2,2,https://demoqa.com/BookStore/v1/Books%20,580,0,386
1727965514820,541,Book-Api,200,OK,Thread Group 1-142,text,true,,3436,134,2,2,https://demoqa.com/BookStore/v1/Books%20,541,0,362
1727965515179,575,Book-Api,200,OK,Thread Group 1-143,text,true,,3436,134,2,2,https://demoqa.com/BookStore/v1/Books%20,575,0,385
1727965515537,567,Book-Api,200,OK,Thread Group 1-144,text,true,,3436,134,2,2,https://demoqa.com/BookStore/v1/Books%20,567,0,382
1727965515896,513,Book-Api,200,OK,Thread Group 1-145,text,true,,3436,134,2,2,https://demoqa.com/BookStore/v1/Books%20,513,0,347
1727965516257,493,Book-Api,200,OK,Thread Group 1-146,text,true,,3436,134,2,2,https://demoqa.com/BookStore/v1/Books%20,493,0,331
1727965516616,577,Book-Api,200,OK,Thread Group 1-147,text,true,,3436,134,2,2,https://demoqa.com/BookStore/v1/Books%20,577,0,391
1727965516977,562,Book-Api,200,OK,Thread Group 1-148,text,true,,3436,134,2,2,https://demoqa.com/BookStore/v1/Books%20,562,0,375
1727965517331,509,Book-Api,200,OK,Thread Group 1-149,text,true,,3436,134,2,2,https://demoqa.com/BookStore/v1/Books%20,509,0,341
1727965518051,495,Book-Api,200,OK,Thread Group 1-151,text,true,,3436,134,3,3,https://demoqa.com/BookStore/v1/Books%20,495,0,335
1727965517692,1182,Book-Api,200,OK,Thread Group 1-150,text,true,,3436,134,3,3,https://demoqa.com/BookStore/v1/Books%20,1182,0,1016
1727965518410,565,Book-Api,200,OK,Thread Group 1-152,text,true,,3436,134,2,2,https://demoqa.com/BookStore/v1/Books%20,565,0,377
1727965518768,511,Book-Api,200,OK,Thread Group 1-153,text,true,,3436,134,2,2,https://demoqa.com/BookStore/v1/Books%20,511,0,340
1727965519126,594,Book-Api,200,OK,Thread Group 1-154,text,true,,3436,134,2,2,https://demoqa.com/BookStore/v1/Books%20,594,0,400
1727965519488,510,Book-Api,200,OK,Thread Group 1-155,text,true,,3436,134,2,2,https://demoqa.com/BookStore/v1/Books%20,510,0,341
1727965519843,595,Book-Api,200,OK,Thread Group 1-156,text,true,,3436,134,2,2,https://demoqa.com/BookStore/v1/Books%20,595,0,399
1727965520205,605,Book-Api,200,OK,Thread Group 1-157,text,true,,3436,134,2,2,https://demoqa.com/BookStore/v1/Books%20,604,0,406
1727965520571,498,Book-Api,200,OK,Thread Group 1-158,text,true,,3436,134,2,2,https://demoqa.com/BookStore/v1/Books%20,498,0,331
1727965520923,571,Book-Api,200,OK,Thread Group 1-159,text,true,,3436,134,2,2,https://demoqa.com/BookStore/v1/Books%20,571,0,383
1727965521282,611,Book-Api,200,OK,Thread Group 1-160,text,true,,3436,134,2,2,https://demoqa.com/BookStore/v1/Books%20,611,0,411
1727965521641,537,Book-Api,200,OK,Thread Group 1-161,text,true,,3436,134,2,2,https://demoqa.com/BookStore/v1/Books%20,537,0,355
1727965521999,583,Book-Api,200,OK,Thread Group 1-162,text,true,,3436,134,2,2,https://demoqa.com/BookStore/v1/Books%20,583,0,393
1727965522359,580,Book-Api,200,OK,Thread Group 1-163,text,true,,3436,134,2,2,https://demoqa.com/BookStore/v1/Books%20,580,0,392
1727965522718,757,Book-Api,200,OK,Thread Group 1-164,text,true,,3436,134,3,3,https://demoqa.com/BookStore/v1/Books%20,757,0,359
1727965523077,582,Book-Api,200,OK,Thread Group 1-165,text,true,,3436,134,2,2,https://demoqa.com/BookStore/v1/Books%20,582,0,389
1727965523435,564,Book-Api,200,OK,Thread Group 1-166,text,true,,3436,134,2,2,https://demoqa.com/BookStore/v1/Books%20,564,0,377
1727965523794,530,Book-Api,200,OK,Thread Group 1-167,text,true,,3436,134,1,1,https://demoqa.com/BookStore/v1/Books%20,530,0,358
